City_ID,City,Cloudiness,Country,Date,Humidity,Lat,Lng,Max Temp,Wind Speed
0,vila,75,IT,1525755300,82,45.18,8.4,59.0,1.12
1,kirakira,64,SB,1525758372,100,-10.46,161.92,81.92,14.79
2,rikitea,80,PF,1525758372,100,-23.12,-134.97,78.05,18.81
3,atuona,92,PF,1525758372,100,-9.8,-139.03,81.02,17.25
4,kavieng,48,PG,1525758372,100,-2.57,150.8,82.91,8.19
5,touros,68,BR,1525758372,96,-5.2,-35.46,76.43,11.88
6,ushuaia,68,AR,1525758372,89,-54.81,-68.31,47.9,20.04
7,yellowknife,90,CA,1525755600,65,62.45,-114.38,41.0,13.87
8,nelson bay,0,AU,1525755600,56,-32.72,152.14,71.6,5.82
9,hilo,90,US,1525755360,88,19.71,-155.08,73.4,11.41
10,chino valley,1,US,1525757700,13,34.76,-112.45,71.6,4.7
11,albany,1,US,1525755240,50,42.65,-73.75,51.8,5.82
12,new norfolk,40,AU,1525755600,38,-42.78,147.06,59.0,13.87
13,kapaa,90,US,1525756800,69,22.08,-159.32,73.4,16.11
14,castro,0,CL,1525758373,94,-42.48,-73.76,38.63,3.04
15,vestmannaeyjar,80,IS,1525758374,97,63.44,-20.27,43.67,20.04
16,oriximina,92,BR,1525758374,100,-1.77,-55.87,74.9,4.38
17,villa del rosario,75,CO,1525755600,100,7.83,-72.47,75.2,6.93
18,punta arenas,75,CL,1525755600,66,-53.16,-70.91,53.6,26.4
19,mangrol,0,IN,1525758374,26,25.33,76.51,97.67,6.62
20,alofi,0,NU,1525755600,73,-19.06,-169.92,75.2,11.41
21,jamestown,0,AU,1525758077,37,-33.21,138.6,67.34,3.71
22,geraldton,40,CA,1525755600,54,49.72,-86.95,53.6,3.36
23,cidreira,0,BR,1525758375,81,-30.17,-50.22,66.8,11.65
24,sergeyevka,88,KZ,1525758375,82,53.88,67.42,48.35,8.86
25,terrace,20,CA,1525755600,71,54.52,-128.61,57.2,8.05
26,ostrovnoy,44,RU,1525758375,100,68.05,39.51,34.31,4.61
27,tual,56,ID,1525758375,100,-5.67,132.75,82.37,10.54
28,cayenne,20,GF,1525757400,88,4.94,-52.33,77.0,2.24
29,pekan,75,MY,1525755600,67,3.49,103.39,93.2,11.41
30,torbay,75,CA,1525755600,86,47.66,-52.73,33.8,5.82
31,pisco,0,PE,1525755600,93,-13.71,-76.2,64.4,8.05
32,lebu,0,ET,1525758376,54,8.96,38.73,66.53,3.15
33,fairbanks,1,US,1525755480,39,64.84,-147.72,48.2,8.05
34,atasu,48,KZ,1525758376,67,48.68,71.64,56.0,12.66
35,brive-la-gaillarde,90,FR,1525755600,100,45.16,1.53,53.6,2.24
36,ponta do sol,0,BR,1525758376,85,-20.63,-46.0,58.97,6.62
37,tasiilaq,0,GL,1525755000,57,65.61,-37.64,21.2,3.36
38,hambantota,8,LK,1525758377,93,6.12,81.12,86.51,10.54
39,guerrero negro,0,MX,1525758377,99,27.97,-114.04,58.61,8.75
40,tura,8,IN,1525758377,87,25.52,90.21,80.57,5.39
41,mataura,0,NZ,1525758377,63,-46.19,168.86,51.68,25.64
42,ketchikan,20,US,1525755180,87,55.34,-131.65,50.0,6.93
43,qaanaaq,68,GL,1525758377,90,77.48,-69.36,5.33,4.83
44,jinji,92,CN,1525758378,91,22.16,112.49,76.7,4.5
45,port hardy,20,CA,1525755600,93,50.7,-127.42,50.0,8.05
46,saint-philippe,1,CA,1525756500,52,45.36,-73.48,48.2,4.7
47,bredasdorp,100,ZA,1525758378,100,-34.53,20.04,59.15,25.75
48,souillac,0,FR,1525757400,93,45.6,-0.6,57.2,3.36
49,khartoum,0,SD,1525755600,32,15.59,32.54,93.2,12.75
50,north bend,1,US,1525756500,81,43.41,-124.22,53.6,2.71
51,vaini,0,IN,1525758378,52,15.34,74.49,91.37,5.28
52,butaritari,0,KI,1525758379,100,3.07,172.79,84.17,7.29
53,markova,90,RU,1525755600,97,52.21,104.21,32.0,4.47
54,champerico,75,MX,1525754640,44,16.38,-93.6,75.2,12.75
55,saint-augustin,90,FR,1525757400,100,44.83,-0.61,59.0,11.41
56,busselton,36,AU,1525758379,100,-33.64,115.35,64.01,6.73
57,dikson,12,RU,1525758379,96,73.51,80.55,15.95,3.49
58,port alfred,8,ZA,1525758379,58,-33.59,26.89,74.72,14.23
59,constitucion,12,MX,1525758380,88,23.99,-104.67,51.23,2.48
60,severo-kurilsk,0,RU,1525758380,93,50.68,156.12,37.37,3.38
61,bayir,20,TR,1525755000,77,37.27,28.22,59.0,3.36
62,nachingwea,0,TZ,1525758380,89,-10.37,38.76,72.92,4.05
63,aklavik,75,CA,1525755600,73,68.22,-135.01,26.6,6.93
64,albury,0,AU,1525755600,33,-36.08,146.92,71.6,3.36
65,guzelyurt,40,TR,1525755000,76,38.28,34.37,55.4,6.93
66,vao,56,EE,1525758381,75,59.1,26.19,53.84,9.64
67,chokurdakh,56,RU,1525758381,98,70.62,147.9,17.75,7.85
68,richards bay,0,ZA,1525758381,88,-28.77,32.06,60.77,5.73
69,talnakh,12,RU,1525758381,94,69.49,88.39,19.37,4.27
70,honiara,75,SB,1525755600,74,-9.43,159.96,86.0,5.82
71,rio grande,8,BR,1525758191,92,-32.03,-52.1,67.88,17.13
72,kharan,0,PK,1525758381,18,28.58,65.42,87.41,4.05
73,athens,1,US,1525757700,87,34.8,-86.97,64.4,4.16
74,tuktoyaktuk,20,CA,1525755600,85,69.44,-133.03,19.4,6.93
75,bakchar,92,RU,1525758382,71,57.02,82.07,38.45,7.74
76,maragogi,92,BR,1525758300,96,-9.01,-35.22,75.53,5.61
77,flinders,0,AU,1525755600,29,-34.58,150.85,78.8,9.17
78,pirovskoye,88,RU,1525758382,84,57.63,92.27,36.2,4.27
79,merauke,44,ID,1525758382,95,-8.49,140.4,82.1,14.23
80,narrabri,92,AU,1525758383,94,-30.33,149.78,57.44,7.74
81,nagato,75,JP,1525755600,87,34.35,131.14,60.8,11.41
82,provideniya,90,RU,1525753800,92,64.42,-173.23,26.6,24.61
83,dongying,0,CN,1525758383,54,37.43,118.67,68.51,13.0
84,tupelo,1,US,1525755180,77,34.26,-88.7,64.4,7.96
85,esperance,20,TT,1525755600,83,10.24,-61.45,77.0,5.95
86,neuquen,0,AR,1525758383,90,-38.95,-68.06,50.6,5.28
87,bluff,24,AU,1525758384,77,-23.58,149.07,74.99,7.74
88,la sarre,0,CA,1525758193,63,48.8,-79.2,48.53,13.67
89,kyabe,12,TD,1525758384,70,9.45,18.94,78.77,12.21
90,samana,88,EC,1525758384,98,0.12,-76.97,70.31,2.26
91,kampong thum,12,KH,1525758384,69,12.71,104.89,93.26,4.61
92,bambous virieux,75,MU,1525755600,74,-20.34,57.76,80.6,4.7
93,broome,0,GB,1525756800,93,52.47,1.45,53.6,3.15
94,hermanus,76,ZA,1525758385,91,-34.42,19.24,55.55,13.44
95,nerekhta,0,RU,1525758385,78,57.46,40.57,62.48,6.96
96,hasaki,75,JP,1525755600,76,35.73,140.83,57.2,17.22
97,presidencia roque saenz pena,24,AR,1525758385,88,-26.79,-60.44,73.28,13.56
98,coihaique,0,CL,1525755600,81,-45.58,-72.07,48.2,6.93
99,camacha,40,PT,1525755600,63,33.08,-16.33,62.6,18.34
100,kaitangata,0,NZ,1525758385,65,-46.28,169.85,55.91,28.77
101,avera,75,US,1525757700,82,33.19,-82.53,71.6,2.48
102,anadyr,0,RU,1525755600,85,64.73,177.51,24.8,4.47
103,tomatlan,56,MX,1525758386,96,19.93,-105.25,73.37,2.37
104,saint-francois,8,FR,1525757400,93,46.42,3.91,55.4,3.15
105,faanui,68,PF,1525758386,100,-16.48,-151.75,80.21,14.45
106,avarua,40,CK,1525755600,83,-21.21,-159.78,77.0,8.05
107,batagay-alyta,80,RU,1525758386,80,67.8,130.41,32.87,4.27
108,mahebourg,75,MU,1525755600,74,-20.41,57.7,80.6,4.7
109,qaqortoq,64,GL,1525755000,74,60.72,-46.03,28.4,1.12
110,ahipara,0,NZ,1525758387,93,-35.17,173.16,58.61,6.73
111,andros town,75,BS,1525755600,88,24.73,-77.79,75.2,1.92
112,hami,8,CN,1525758387,41,42.84,93.51,60.68,4.94
113,namie,75,JP,1525755600,100,37.52,140.86,53.6,5.82
114,mareeba,75,AU,1525755600,65,-16.99,145.42,82.4,13.87
115,saint george,75,GR,1525755000,88,39.45,22.34,62.6,3.36
116,syracuse,1,US,1525755360,65,43.05,-76.15,44.6,1.59
117,chichawatni,0,PK,1525758388,46,30.53,72.69,87.05,5.28
118,puerto escondido,24,MX,1525758388,100,15.86,-97.07,84.89,11.43
119,cape town,75,ZA,1525755600,87,-33.93,18.42,57.2,23.04
120,victoria,75,BN,1525755600,94,5.28,115.24,86.0,2.24
121,beyneu,8,KZ,1525758388,32,45.32,55.19,69.14,9.19
122,porto novo,20,BR,1525755600,93,-23.68,-45.44,62.6,2.24
123,caravelas,68,BR,1525758389,100,-17.73,-39.27,76.88,9.42
124,hithadhoo,64,MV,1525758389,100,-0.6,73.08,82.01,11.88
125,kasaragod,75,IN,1525757400,74,12.5,75.0,87.8,4.7
126,kutum,0,SD,1525758389,26,14.2,24.66,80.84,11.1
127,te anau,0,NZ,1525758389,82,-45.41,167.72,45.11,16.46
128,imbituva,68,BR,1525758389,97,-25.23,-50.6,58.97,8.63
129,kruisfontein,0,ZA,1525758389,92,-34.0,24.73,64.01,7.52
130,luderitz,8,NA,1525758390,93,-26.65,15.16,58.88,9.75
131,puerto ayora,88,EC,1525758390,100,-0.74,-90.35,75.98,5.61
132,slatina-timis,64,RO,1525758390,96,45.25,22.28,56.72,2.59
133,arlit,0,NE,1525758390,22,18.74,7.39,69.77,1.92
134,wuwei,36,CN,1525758390,33,37.93,102.64,61.58,10.65
135,planaltina,0,BR,1525755600,68,-15.62,-47.66,66.2,5.39
136,kidal,0,ML,1525758390,29,18.44,1.41,68.51,5.95
137,hobart,40,AU,1525755600,38,-42.88,147.33,59.0,13.87
138,lukovetskiy,90,RU,1525755600,100,64.29,41.92,39.2,6.71
139,solnechnyy,0,RU,1525758391,33,50.72,136.64,63.29,3.6
140,khatanga,76,RU,1525758391,100,71.98,102.47,15.95,6.29
141,naze,36,NG,1525758391,93,5.43,7.07,74.99,6.96
142,temnikov,0,RU,1525758349,54,54.63,43.21,65.54,4.5
143,leningradskiy,12,RU,1525758391,86,69.38,178.42,15.41,19.48
144,thompson,5,CA,1525755600,73,55.74,-97.86,26.6,2.24
145,port hedland,0,AU,1525755600,21,-20.31,118.58,95.0,12.75
146,sheridan,1,US,1525757760,28,39.65,-105.03,68.0,10.29
147,frederikshavn,0,DK,1525758392,85,57.44,10.53,51.95,11.43
148,igrim,44,RU,1525758392,67,63.19,64.42,37.37,3.6
149,carnarvon,0,ZA,1525758392,61,-30.97,22.13,47.54,10.42
150,eydhafushi,56,MV,1525758392,100,5.1,73.07,84.89,12.77
151,hervey bay,80,AU,1525758392,93,-25.3,152.85,74.81,9.86
152,agadez,0,NE,1525755600,26,16.97,7.99,78.8,2.82
153,bowen,100,AU,1525755600,65,-20.01,148.25,78.8,10.29
154,wakkanai,75,JP,1525755600,75,45.41,141.67,41.0,14.99
155,barrow,36,AR,1525758393,92,-38.31,-60.23,64.28,14.79
156,sur,0,OM,1525758393,78,22.57,59.53,88.49,3.6
157,nanning,75,CN,1525755600,65,22.83,108.3,82.4,11.18
158,chuy,0,UY,1525758393,93,-33.69,-53.46,63.2,10.65
159,saint-ambroise,0,FR,1525757400,93,47.25,-0.65,51.8,1.59
160,saldanha,0,PT,1525758393,87,41.42,-6.55,50.78,2.71
161,huntsville,1,US,1525757700,87,34.73,-86.59,64.4,2.59
162,sao filipe,0,CV,1525758394,100,14.9,-24.5,69.23,16.13
163,arraial do cabo,80,BR,1525758394,100,-22.97,-42.02,70.13,7.29
164,cherskiy,88,RU,1525758394,87,68.75,161.3,27.2,4.38
165,east london,0,ZA,1525755600,27,-33.02,27.91,75.2,13.87
166,manicore,64,BR,1525758394,95,-5.81,-61.3,74.45,2.15
167,san patricio,64,PY,1525758394,89,-26.98,-56.83,70.67,4.72
168,guaymas,0,MX,1525758395,55,27.92,-110.9,67.43,2.48
169,berlevag,40,NO,1525755000,86,70.86,29.09,37.4,9.17
170,freeport,64,BS,1525758395,100,26.54,-78.7,73.91,6.62
171,barguzin,80,RU,1525758395,70,53.62,109.63,42.68,2.71
172,pochutla,20,MX,1525758395,100,15.74,-96.47,82.64,8.63
173,port elizabeth,1,US,1525755360,87,39.31,-74.98,57.2,8.08
174,khani,75,GE,1525755600,82,41.96,42.96,68.0,3.36
175,salinopolis,92,BR,1525758396,100,-0.61,-47.36,75.98,5.73
176,kingston,1,CA,1525755360,93,44.23,-76.48,41.0,3.36
177,altay,0,CN,1525758396,71,47.83,88.13,35.57,3.04
178,nanortalik,44,GL,1525758396,100,60.14,-45.24,27.29,5.39
179,porbandar,0,IN,1525758396,65,21.64,69.61,87.23,11.43
180,itoman,75,JP,1525756560,88,26.12,127.67,78.8,27.51
181,luza,0,RU,1525758396,92,60.63,47.26,48.8,4.38
182,urengoy,56,RU,1525758397,100,65.96,78.37,15.86,6.62
183,kokopo,24,PG,1525758397,98,-4.34,152.27,83.63,7.74
184,longyearbyen,75,NO,1525755000,80,78.22,15.63,35.6,17.22
185,shahdadkot,0,PK,1525758397,42,27.85,67.91,88.94,6.4
186,half moon bay,75,US,1525755600,87,37.46,-122.43,60.8,4.7
187,bhanvad,0,IN,1525758397,54,21.93,69.78,93.62,11.43
188,puerto ayacucho,92,CO,1525758397,100,5.66,-67.63,70.67,3.04
189,santa rosa,64,AR,1525758399,97,-36.62,-64.29,59.69,1.48
190,klaksvik,92,FO,1525756800,100,62.23,-6.59,44.6,13.87
191,georgetown,20,GY,1525755600,88,6.8,-58.16,77.0,6.93
192,hamilton,5,CA,1525755600,43,43.26,-79.87,51.8,2.26
193,nikolskoye,0,RU,1525755600,71,59.7,30.79,53.6,8.95
194,sirjan,0,IR,1525758400,36,29.44,55.67,76.61,4.83
195,juneau,40,US,1525755360,62,58.3,-134.42,55.4,5.82
196,turukhansk,8,RU,1525758400,100,65.8,87.96,22.88,4.83
197,batemans bay,0,AU,1525758400,80,-35.71,150.18,67.25,2.26
198,sola,0,FI,1525756800,75,62.78,29.36,46.4,10.29
199,stephenville,1,US,1525756500,68,32.22,-98.2,75.2,14.34
200,djambala,0,CG,1525758400,95,-2.55,14.76,70.58,3.6
201,salaga,0,GH,1525758401,93,8.55,-0.52,76.88,8.41
202,alibag,20,IN,1525755600,59,18.64,72.88,89.6,4.7
203,gazanjyk,0,TM,1525758401,30,39.24,55.52,77.6,5.39
204,meulaboh,12,ID,1525758401,100,4.14,96.13,83.36,5.17
205,vardo,1,US,1525756500,82,39.62,-77.74,60.8,2.59
206,chimbote,56,PE,1525758401,98,-9.08,-78.59,64.28,3.71
207,kaliganj,0,BD,1525758401,78,23.41,89.13,94.43,7.18
208,airai,8,TL,1525758401,43,-8.93,125.41,86.15,2.37
209,muros,90,ES,1525757400,100,42.77,-9.06,51.8,6.93
210,mabaruma,20,GY,1525758402,99,8.2,-59.78,75.08,5.17
211,belyy yar,0,RU,1525755600,27,53.6,91.39,50.0,13.42
212,oxelosund,0,SE,1525756800,87,58.67,17.1,55.4,2.24
213,kodiak,1,US,1525755180,52,39.95,-94.76,69.8,9.17
214,cairns,75,AU,1525755600,65,-16.92,145.77,82.4,13.87
215,hirara,75,JP,1525755600,94,24.8,125.28,75.2,9.17
216,belaya gora,24,RU,1525758402,97,68.54,146.19,23.87,6.17
217,tabou,80,CI,1525758403,100,4.42,-7.36,81.2,5.39
218,yerbogachen,36,RU,1525758403,35,61.28,108.01,41.69,9.98
219,bucak,75,TR,1525755000,93,37.46,30.59,64.4,3.36
220,isangel,44,VU,1525758403,100,-19.55,169.27,77.96,19.6
221,bonthe,0,SL,1525758403,99,7.53,-12.5,77.51,3.49
222,bodden town,0,KY,1525758403,100,19.28,-81.25,80.21,5.84
223,mildura,0,AU,1525758403,75,-34.18,142.16,64.37,5.39
224,veinticinco de mayo,44,AR,1525758404,92,-27.38,-54.75,66.35,7.63
225,husavik,12,CA,1525758404,53,50.56,-96.99,53.3,17.02
226,lazaro cardenas,20,MX,1525758404,39,28.39,-105.62,66.8,5.73
227,sorrento,0,AU,1525755600,40,-31.82,115.75,69.8,12.75
228,adzope,20,CI,1525758404,97,6.11,-3.86,73.91,4.94
229,clovis,1,US,1525755360,29,36.83,-119.7,78.8,9.17
230,tautira,75,PF,1525757400,83,-17.73,-149.15,78.8,16.11
231,grand-santi,36,GF,1525758404,97,4.27,-54.38,73.37,2.26
232,petropavlovsk-kamchatskiy,0,RU,1525755600,34,53.05,158.65,53.6,13.42
233,camacupa,0,AO,1525758405,74,-12.02,17.48,55.91,2.04
234,mount gambier,8,AU,1525758405,71,-37.83,140.78,59.6,3.6
235,asosa,48,ET,1525758405,74,10.07,34.53,74.0,3.94
236,beringovskiy,88,RU,1525758405,97,63.05,179.32,27.83,24.96
237,lokosovo,12,RU,1525758405,78,61.13,74.84,31.88,4.5
238,conselheiro pena,24,BR,1525758405,94,-19.17,-41.47,64.73,2.59
239,kenai,40,US,1525755360,56,60.55,-151.26,46.4,8.05
240,mocuba,0,MZ,1525758406,80,-16.84,36.99,71.21,4.16
241,upernavik,8,GL,1525758406,96,72.79,-56.15,4.52,7.74
242,waingapu,0,ID,1525758406,53,-9.65,120.26,87.95,11.99
243,rawson,0,AR,1525758406,89,-43.3,-65.11,44.03,3.27
244,jadu,24,LY,1525758406,40,31.95,12.03,65.0,12.66
245,ostersund,0,SE,1525755000,69,63.18,14.64,39.2,12.75
246,gorontalo,76,ID,1525758406,74,0.54,123.06,83.18,3.15
247,clermont,8,AU,1525758407,47,-22.82,147.64,79.94,7.96
248,bethel,90,US,1525755180,83,60.79,-161.76,42.8,12.75
249,kohlu,0,PK,1525758407,31,29.9,69.25,81.11,3.71
250,karratha,0,AU,1525758407,19,-20.74,116.85,96.41,9.08
251,cabo san lucas,5,MX,1525754400,28,22.89,-109.91,84.2,8.05
252,lata,92,IN,1525758407,100,30.78,78.62,48.89,2.04
253,los llanos de aridane,76,ES,1525757400,68,28.66,-17.92,64.4,11.41
254,timbiqui,92,CO,1525758408,100,2.77,-77.67,74.18,2.37
255,ferme-neuve,0,CA,1525758160,59,46.7,-75.45,39.98,6.4
256,zwedru,36,LR,1525758408,93,6.07,-8.13,69.59,2.93
257,nevesinje,0,BA,1525755600,67,43.26,18.11,60.8,2.24
258,saskylakh,24,RU,1525758408,98,71.97,114.09,18.47,5.84
259,raudeberg,40,NO,1525756800,76,61.99,5.14,53.6,8.05
260,necochea,12,AR,1525758408,82,-38.55,-58.74,65.18,14.9
261,samarai,92,PG,1525758408,100,-10.62,150.67,81.47,12.33
262,timmins,75,CA,1525755600,46,48.48,-81.33,53.6,9.17
263,cap malheureux,75,MU,1525755600,74,-19.98,57.61,80.6,4.7
264,vaitape,68,PF,1525758409,100,-16.52,-151.75,81.11,15.57
265,maryville,1,US,1525757700,49,40.35,-94.87,69.8,10.29
266,nogliki,0,RU,1525758409,86,51.8,143.14,36.56,5.73
267,ust-nera,8,RU,1525758409,75,64.57,143.24,37.01,3.71
268,tiksi,12,RU,1525758334,93,71.64,128.87,20.81,6.4
269,lavrentiya,92,RU,1525758409,100,65.58,-170.99,27.11,23.51
270,hays,1,US,1525755360,53,38.88,-99.33,73.4,10.29
271,moranbah,24,AU,1525758410,73,-22.0,148.04,74.9,9.98
272,ancud,0,CL,1525758410,84,-41.87,-73.83,40.07,2.82
273,palmer,40,AU,1525755600,48,-34.85,139.16,64.4,6.93
274,liverpool,0,GB,1525756800,81,53.41,-2.98,53.6,3.36
275,zhigansk,88,RU,1525758410,90,66.77,123.37,39.53,4.5
276,pampierstad,0,ZA,1525758410,58,-27.78,24.69,47.81,10.65
277,sterling,90,US,1525756500,87,39.0,-77.4,62.6,6.17
278,great yarmouth,0,GB,1525756800,93,52.61,1.73,46.4,10.98
279,rehoboth,0,NA,1525758411,73,-23.31,17.08,41.6,2.59
280,jaromerice nad rokytnou,0,CZ,1525755600,62,49.09,15.89,59.0,6.93
281,general roca,0,AR,1525758411,90,-39.03,-67.58,50.6,5.28
282,edd,0,ER,1525758411,17,13.93,41.69,96.77,4.61
283,shingu,75,JP,1525755600,100,33.72,135.99,62.6,3.36
284,mount isa,0,AU,1525755600,19,-20.73,139.49,87.8,4.7
285,skibbereen,75,IE,1525757400,100,51.55,-9.27,51.8,11.41
286,stillwater,1,US,1525756500,64,36.12,-97.06,75.2,4.7
287,bow island,90,CA,1525755600,59,49.87,-111.38,62.6,4.7
288,burnie,0,AU,1525758412,100,-41.05,145.91,57.17,14.9
289,codrington,92,AU,1525758412,100,-28.95,153.24,62.57,3.15
290,pangai,20,TO,1525755600,69,-19.8,-174.35,77.0,6.93
291,lakselv,40,NO,1525756800,60,70.05,24.96,46.4,16.11
292,lasa,75,CY,1525757400,87,34.92,32.53,68.0,5.82
293,monaragala,0,LK,1525758413,70,6.87,81.35,92.0,9.19
294,pevek,20,RU,1525758413,77,69.7,170.27,29.45,9.53
295,golfito,68,CR,1525758248,99,8.64,-83.17,78.95,2.37
296,dingle,56,PH,1525758413,100,11.0,122.67,78.95,1.81
297,vila velha,75,BR,1525755600,88,-3.71,-38.6,78.8,5.82
298,san jeronimo,68,PE,1525758413,95,-13.65,-73.37,34.49,1.59
299,ciudad bolivar,0,VE,1525758414,90,8.12,-63.55,73.01,9.75
300,praya,20,ID,1525757400,55,-8.71,116.27,89.6,12.75
301,springfield,1,US,1525755120,55,37.22,-93.29,64.4,8.05
302,mandal,56,MN,1525758414,44,48.82,106.5,62.93,6.4
303,lorengau,32,PG,1525758414,100,-2.02,147.27,83.9,3.04
304,kuvshinovo,0,RU,1525758414,69,57.03,34.18,64.01,5.95
305,dalvik,0,SE,1525756800,76,57.79,14.13,53.6,2.48
306,beaverlodge,75,CA,1525755600,71,55.21,-119.43,53.6,4.7
307,hobyo,12,SO,1525758415,81,5.35,48.53,84.08,10.87
308,zheleznodorozhnyy,0,RU,1525755600,55,55.75,38.0,62.6,2.24
309,fukuma,75,JP,1525755600,82,33.77,130.47,60.8,12.75
310,kaeo,0,NZ,1525758415,66,-35.1,173.78,59.33,7.18
311,nouadhibou,32,MR,1525755600,82,20.93,-17.03,62.6,16.11
312,waddan,56,LY,1525758416,26,29.16,16.14,71.3,13.11
313,dostpur,0,IN,1525758416,36,26.27,82.47,101.18,4.72
314,susangerd,90,IR,1525755600,25,31.56,48.19,87.8,4.7
315,laguna,0,MX,1525758416,56,27.52,-110.01,73.28,1.92
316,ulaangom,48,MN,1525758416,53,49.98,92.07,39.53,1.7
317,horsham,0,AU,1525758416,72,-36.71,142.2,60.68,4.61
318,paamiut,48,GL,1525758416,100,61.99,-49.67,29.36,18.7
319,san carlos de bariloche,90,AR,1525755600,100,-41.13,-71.31,46.4,3.36
320,nantucket,90,US,1525756440,100,41.28,-70.1,46.4,4.7
321,takoradi,0,GH,1525758417,100,4.89,-1.75,79.49,5.28
322,prado,76,BR,1525758417,99,-17.34,-39.22,78.41,11.1
323,la asuncion,76,EC,1525758417,85,-1.64,-78.74,42.77,0.69
324,port lincoln,0,AU,1525758417,85,-34.72,135.86,64.1,10.31
325,amahai,80,ID,1525758417,100,-3.31,129.0,78.5,9.19
326,suntar,32,RU,1525758418,75,62.16,117.65,40.43,6.4
327,abu samrah,88,SY,1525758418,81,35.3,37.18,62.93,4.94
328,salamiyah,88,SY,1525758418,88,35.01,37.05,57.26,3.71
329,ocos,12,GT,1525758418,100,14.51,-92.19,84.17,3.71
330,kumba,88,CM,1525758418,96,4.64,9.44,69.41,2.48
331,clyde river,90,CA,1525755600,84,70.47,-68.59,8.6,6.93
332,taltal,12,CL,1525758418,91,-25.41,-70.49,48.98,2.48
333,lake city,1,US,1525757700,31,38.03,-107.32,50.0,3.36
334,saint anthony,20,US,1525755360,44,43.97,-111.68,57.2,6.93
335,houston,1,US,1525756500,88,29.76,-95.37,75.2,8.19
336,hokitika,68,NZ,1525758419,95,-42.72,170.96,58.43,18.37
337,aksarka,0,RU,1525758419,100,66.56,67.8,13.7,5.17
338,maniitsoq,0,GL,1525758419,76,65.42,-52.9,9.2,7.96
339,wanning,0,AT,1525755000,58,48.64,13.53,55.4,5.82
340,dobsice,0,CZ,1525755600,62,48.85,16.08,59.0,6.93
341,margate,40,AU,1525755600,38,-43.03,147.26,59.0,13.87
342,mackenzie,90,CA,1525755600,51,55.34,-123.09,59.0,8.05
343,yulara,0,AU,1525755600,15,-25.24,130.99,82.4,4.7
344,mehamn,40,NO,1525755000,86,71.03,27.85,39.2,9.17
345,scarborough,0,GB,1525755000,93,54.28,-0.41,51.8,9.42
346,keffi,32,NG,1525758420,88,8.85,7.88,73.28,2.71
347,bozoum,0,CF,1525758420,87,6.31,16.38,71.21,14.0
348,sabang,32,PH,1525758420,88,13.72,123.58,85.07,4.38
349,boende,92,CD,1525758421,97,-0.28,20.88,71.66,2.93
350,buala,92,SB,1525758421,96,-8.15,159.59,81.02,9.64
351,pangoa,36,PE,1525758421,97,-12.12,-73.0,60.59,1.7
352,baijiantan,8,CN,1525758421,37,45.63,85.18,58.61,5.17
353,atar,0,MR,1525758421,35,20.52,-13.05,58.7,7.4
354,lagunas,76,PE,1525758421,96,-5.23,-75.68,71.57,2.15
355,saint-louis,0,CH,1525757400,71,47.59,7.56,57.2,2.24
356,zapotiltic,36,MX,1525758422,97,19.63,-103.42,56.63,2.04
357,shipitsyno,8,RU,1525758422,78,61.28,46.52,47.9,4.16
358,sangmelima,92,CM,1525758422,99,2.93,11.98,66.08,2.82
359,sirnak,92,TR,1525758354,100,37.52,42.46,49.7,2.37
360,ribeira grande,64,PT,1525758422,100,38.52,-28.7,62.3,3.38
361,nampula,40,MZ,1525755600,100,-15.12,39.26,68.0,6.17
362,shillong,75,IN,1525755600,88,25.58,91.88,82.4,5.82
363,kupang,0,ID,1525758422,73,-10.16,123.6,86.78,17.81
364,mattru,0,SL,1525758423,98,7.62,-11.83,74.0,2.59
365,marystown,0,CA,1525758423,94,47.17,-55.16,33.41,12.33
366,mao,20,DO,1525755600,94,19.55,-71.08,75.2,6.93
367,nordfjordeid,20,NO,1525756800,81,61.91,5.99,53.6,6.93
368,bathsheba,40,BB,1525755600,78,13.22,-59.52,78.8,19.46
369,humaita,40,AR,1525755600,93,-24.93,-65.37,66.2,3.36
370,furstenwalde,0,DE,1525756800,76,52.37,14.07,59.0,6.93
371,aykino,24,RU,1525758424,100,62.22,49.99,42.05,4.05
372,san cristobal,90,EC,1525755600,93,-0.39,-78.55,51.8,1.12
373,makakilo city,1,US,1525755420,69,21.35,-158.09,73.4,8.05
374,witu,92,KE,1525758424,90,-2.39,40.44,78.68,9.64
375,rudnichnyy,88,RU,1525758424,87,59.7,60.29,44.21,3.49
376,srednekolymsk,92,RU,1525758424,71,67.46,153.71,26.03,6.17
377,celestun,64,MX,1525758425,100,20.87,-90.4,77.78,13.22
378,yar-sale,64,RU,1525758425,100,66.83,70.83,12.35,4.72
379,lompoc,1,US,1525757700,76,34.64,-120.46,55.4,7.74
380,macaubas,0,BR,1525758425,92,-13.02,-42.7,59.6,4.16
381,asyut,0,EG,1525758425,44,27.18,31.19,74.0,4.38
382,kungurtug,0,RU,1525758425,37,50.6,97.53,37.01,4.5
383,nanakuli,40,US,1525755420,77,21.39,-158.15,73.4,11.41
384,salalah,40,OM,1525755000,79,17.01,54.1,84.2,5.82
385,cerro largo,48,BR,1525758425,91,-28.15,-54.74,64.37,6.17
386,usinsk,92,RU,1525758426,99,66.0,57.56,35.57,4.72
387,damoh,0,IN,1525758426,22,23.84,79.44,100.1,14.23
388,pangnirtung,44,CA,1525758426,59,66.15,-65.72,4.88,4.61
389,ilulissat,20,GL,1525755000,65,69.22,-51.1,8.6,6.93
390,jalu,0,LY,1525758426,30,29.03,21.55,71.93,7.07
391,cheremukhovo,48,RU,1525758426,75,56.23,46.23,59.15,4.94
392,norman wells,75,CA,1525755600,100,65.28,-126.83,42.8,6.93
393,hamirpur,0,IN,1525757400,33,25.95,80.15,87.8,6.93
394,coquimbo,0,CL,1525755600,93,-29.95,-71.34,51.8,6.93
395,tahe,0,CN,1525758427,41,52.34,124.71,64.01,4.38
396,milkovo,0,BG,1525757400,87,41.53,24.68,66.2,2.59
397,mandalgovi,36,MN,1525758427,32,45.76,106.27,75.89,15.35
398,cristobal obregon,75,MX,1525754640,44,16.35,-93.53,75.2,12.75
399,kalmunai,0,LK,1525758427,63,7.42,81.82,92.63,2.71
400,governador dix-sept rosado,36,BR,1525758427,76,-5.46,-37.52,75.62,5.61
401,hualmay,32,PE,1525758427,97,-11.1,-77.61,61.58,3.71
402,abnub,0,EG,1525758428,44,27.27,31.15,74.0,4.38
403,sitka,88,US,1525758428,18,37.17,-99.65,81.11,18.48
404,wahiawa,40,US,1525755420,77,21.5,-158.02,73.4,11.41
405,new waterford,1,US,1525756500,71,40.85,-80.61,57.2,3.38
406,faya,0,SA,1525755600,35,18.39,42.45,73.4,8.05
407,vostok,68,RU,1525758428,69,46.45,135.83,50.6,2.82
408,sorland,20,NO,1525756800,93,67.67,12.69,42.8,8.05
409,alice springs,0,AU,1525755600,10,-23.7,133.88,80.6,13.87
410,dunedin,24,NZ,1525758163,60,-45.87,170.5,57.44,19.04
411,balad,24,ID,1525758429,100,-6.76,108.42,85.61,9.19
412,erzin,75,TR,1525755000,63,36.95,36.2,66.2,4.7
413,quatre cocos,75,MU,1525755600,74,-20.21,57.76,80.6,4.7
414,cuamba,8,MZ,1525758429,76,-14.8,36.54,67.25,4.61
415,wagar,8,US,1525758430,74,31.44,-87.99,67.61,2.37
416,kulhudhuffushi,44,MV,1525758430,100,6.62,73.07,83.45,8.08
417,atikokan,76,CA,1525758430,60,48.76,-91.62,56.27,4.27
418,mar del plata,0,AR,1525758430,92,-46.43,-67.52,40.43,4.72
419,dhidhdhoo,44,MV,1525758430,100,6.88,73.1,83.45,8.08
420,nizhniy kuranakh,36,RU,1525758430,47,58.84,125.49,61.4,10.98
421,constantine,75,DZ,1525755600,100,36.36,6.61,53.6,2.37
422,qeshm,0,IR,1525755600,39,26.96,56.27,95.0,6.93
423,thinadhoo,56,MV,1525758431,100,0.53,72.93,83.45,9.53
424,inhambane,75,MZ,1525755600,94,-23.87,35.38,69.8,5.39
425,chicama,90,PE,1525755600,100,-7.84,-79.15,62.6,6.93
426,omsukchan,48,RU,1525758431,94,62.53,155.8,35.12,10.98
427,kaspiyskiy,36,RU,1525758431,56,45.39,47.37,74.99,16.58
428,romitan,0,UZ,1525755600,16,39.93,64.38,75.2,2.24
429,swan river,8,CA,1525758431,30,52.11,-101.27,50.42,9.31
430,ust-ishim,0,RU,1525758431,61,57.69,71.17,46.37,5.95
431,coahuayana,48,MX,1525758432,88,18.62,-100.35,64.73,2.15
432,shenjiamen,0,CN,1525758432,96,29.96,122.3,64.37,17.69
433,hobe sound,90,US,1525755300,69,27.06,-80.14,78.8,9.17
434,lamu,76,ID,1525758432,83,0.57,122.3,81.83,2.71
435,plouzane,90,FR,1525757400,100,48.38,-4.62,50.0,6.93
436,veraval,0,FR,1525757400,82,49.65,0.71,57.2,3.71
437,ambrolauri,75,GE,1525755600,82,42.52,43.15,68.0,3.36
438,ipojuca,20,BR,1525755600,94,-8.4,-35.06,73.4,2.24
439,rafai,64,CF,1525758433,96,4.95,23.92,72.29,9.19
440,tazmalt,75,DZ,1525755600,100,36.39,4.4,60.8,3.36
441,amalapuram,32,IN,1525758433,63,16.58,82.0,92.81,8.97
442,kieta,76,PG,1525758433,90,-6.22,155.63,83.54,8.41
443,noumea,40,NC,1525757400,57,-22.28,166.46,80.6,3.36
444,santa rosalia,40,IT,1525755300,82,38.07,13.27,60.8,2.24
445,sumenep,0,ID,1525758434,89,-7.02,113.87,86.06,8.19
446,dodge city,1,US,1525755240,40,37.75,-100.02,73.4,17.22
447,coos bay,1,US,1525756500,81,43.37,-124.22,53.6,2.71
448,massakory,0,TD,1525758434,55,13.0,15.73,84.08,2.82
449,kamaishi,75,JP,1525755600,58,39.28,141.86,57.2,10.29
450,xiongyue,0,CN,1525758434,18,40.18,122.12,74.0,12.88
451,la dorada,92,CO,1525758434,100,5.45,-74.66,65.18,2.15
452,banda aceh,24,ID,1525758434,100,5.56,95.32,81.92,2.26
453,kaffrine,0,SN,1525758435,45,14.1,-15.55,71.48,11.1
454,gore,92,ET,1525758435,100,8.15,35.53,63.47,3.83
455,novobirilyussy,92,RU,1525758435,100,56.95,90.69,38.18,7.74
456,nipawin,1,CA,1525755780,48,53.36,-104.02,41.0,9.17
457,zatoka,75,PL,1525757400,66,50.04,20.52,55.4,9.17
458,vista hermosa,68,MX,1525758435,67,17.8,-97.76,64.1,2.26
459,washington,75,US,1525756500,67,38.9,-77.04,64.4,6.93
460,hay river,75,CA,1525755600,40,60.82,-115.79,53.6,12.75
461,sayyan,0,YE,1525758436,19,15.17,44.32,73.73,1.7
462,gerash,0,IR,1525755600,21,27.67,54.14,89.6,4.7
463,gamba,0,CN,1525758436,87,28.28,88.52,35.03,0.36
464,christchurch,0,NZ,1525757400,36,-43.53,172.64,64.4,9.17
465,mataram,64,ID,1525758436,79,-5.32,105.06,83.27,3.71
466,adrar,0,DZ,1525755600,10,27.87,-0.29,66.2,8.05
467,itacoatiara,44,BR,1525758437,98,-3.14,-58.44,75.71,4.94
468,shiyan,80,CN,1525758437,59,32.65,110.78,70.22,4.38
469,adjumani,12,UG,1525758437,86,3.38,31.79,74.81,4.16
470,otavi,0,NA,1525758437,42,-19.64,17.34,48.35,6.4
471,kerema,80,PG,1525758437,92,-7.96,145.78,78.41,2.59
472,orsha,0,BY,1525755600,71,54.51,30.43,59.0,6.71
473,kondinskoye,32,RU,1525758437,61,59.65,67.41,42.95,4.27
474,newport,90,GB,1525756800,100,51.59,-3.0,48.2,10.29
475,smithers,1,CA,1525755600,54,54.78,-127.17,57.2,6.93
476,las cruces,90,CL,1525755600,100,-33.5,-71.62,51.8,2.24
477,guantanamo,0,BO,1525758438,90,-16.14,-62.05,70.85,2.15
478,dano,0,BF,1525758438,67,11.14,-3.06,80.48,8.86
479,konosha,20,RU,1525758438,82,60.97,40.26,56.9,15.35
480,kalengwa,0,ZM,1525758438,85,-13.47,25.0,64.73,11.32
481,sao felix do xingu,0,BR,1525758439,88,-6.64,-51.99,74.63,2.15
482,talaya,92,RU,1525758439,100,55.79,84.89,40.25,12.77
483,wagga wagga,0,AU,1525755600,25,-35.12,147.37,73.4,2.24
484,valleyview,76,CA,1525758439,51,55.07,-117.28,60.23,9.64
485,taksimo,88,RU,1525758439,80,56.36,114.84,38.18,2.93
486,albino,40,IT,1525755300,77,45.76,9.8,62.6,5.82
487,abakaliki,44,NG,1525758439,86,6.32,8.11,77.51,9.98
488,obo,80,CF,1525758440,87,5.39,26.49,71.03,9.31
489,fairfield,1,US,1525758000,63,38.25,-122.04,68.0,3.36
490,jiaohe,88,CN,1525758440,56,43.72,127.34,56.81,3.6
491,mandurah,0,AU,1525755600,49,-32.55,115.7,69.8,12.75
492,hatillo,44,PR,1525758440,93,18.49,-66.83,77.51,13.78
493,saint-georges,0,CA,1525758441,58,46.12,-70.67,33.77,4.38
494,dongsheng,12,CN,1525758441,69,29.72,112.52,77.6,11.99
495,lander,0,US,1525756500,34,42.83,-108.73,57.2,9.17
496,honningsvag,75,NO,1525755000,86,70.98,25.97,39.2,14.99
497,novokizhinginsk,20,RU,1525758441,54,51.61,109.59,55.91,4.16
498,san luis,90,AR,1525755000,93,-33.3,-66.34,59.0,3.36
499,kloulklubed,75,PW,1525755180,70,7.04,134.26,89.6,9.17
500,nabire,44,ID,1525758442,97,-3.36,135.5,74.9,1.92
501,gamboula,92,CF,1525758442,99,4.12,15.14,68.51,4.94
502,birao,0,CF,1525758442,58,10.3,22.78,83.81,14.23
503,corrientes,20,AR,1525755600,88,-27.47,-58.83,75.2,5.82
504,aykhal,20,RU,1525758442,61,65.95,111.51,30.53,6.73
505,kassala,0,SD,1525758311,20,15.45,36.38,96.59,13.11
506,tuatapere,0,NZ,1525758442,100,-46.13,167.69,50.87,28.77
507,mayo,40,CA,1525755600,80,63.59,-135.9,39.2,2.48
508,bolshaya rechka,90,RU,1525755600,85,51.95,104.74,32.0,4.47
509,riyadh,24,SA,1525755600,13,24.63,46.72,91.4,4.7
510,namibe,0,AO,1525758443,100,-15.19,12.15,76.43,5.95
511,bonavista,0,CA,1525758443,89,48.65,-53.11,33.59,18.14
512,saint-pierre,0,FR,1525757400,76,48.95,4.24,53.6,8.05
513,chilca,20,PE,1525755600,75,-13.22,-72.34,44.6,0.69
514,sebeta,0,ET,1525758444,63,8.91,38.62,65.63,4.05
515,baherden,0,TM,1525758444,43,38.44,57.43,75.8,5.39
516,yining,100,CN,1525758444,74,29.04,114.56,71.57,2.93
517,rapid valley,1,US,1525756620,76,44.06,-103.15,60.8,13.87
518,maceio,40,BR,1525755600,94,-9.67,-35.74,71.6,2.24
519,tingo maria,0,PE,1525758444,91,-9.29,-76.01,60.05,2.15
520,fort nelson,40,CA,1525755600,51,58.81,-122.69,59.0,3.36
521,limbuhan,44,PH,1525758445,100,11.06,125.02,80.48,2.93
522,marovoay,20,MG,1525755600,65,-16.11,46.64,80.6,9.17
523,nadadores,0,MX,1525758445,45,27.03,-101.59,66.98,4.72
524,tessalit,0,ML,1525758445,35,20.2,1.01,66.08,5.84
525,okhotsk,12,RU,1525758445,56,59.36,143.24,51.68,5.17
526,gat,0,SN,1525758445,73,14.69,-16.54,66.62,13.56
527,coari,68,BR,1525758445,98,-4.09,-63.14,75.26,3.27
528,itarema,68,BR,1525758446,97,-2.92,-39.92,73.64,2.82
529,den helder,0,NL,1525757100,77,52.96,4.76,59.0,11.41
530,zelenchukskaya,48,RU,1525758446,68,43.85,41.59,51.68,2.82
531,montana,36,BG,1525758446,86,43.41,23.22,59.6,3.15
532,mutoko,0,ZW,1525758446,73,-17.4,32.23,62.21,3.94
533,katsuura,75,JP,1525755900,93,33.93,134.5,59.0,14.99
534,soria,0,ES,1525758440,82,41.76,-2.46,44.3,2.37
535,ambilobe,0,MG,1525758446,63,-13.19,49.05,83.72,4.38
536,urubicha,20,BO,1525758447,93,-15.63,-63.08,72.74,2.15
537,bani,24,PH,1525758447,92,15.89,120.27,82.82,4.16
538,rabo de peixe,20,PT,1525755600,87,37.8,-25.58,60.8,10.29
539,monterey,1,US,1525757700,63,36.6,-121.89,60.8,4.38
540,cape girardeau,1,US,1525757700,87,37.31,-89.52,57.2,4.38
541,dinghai,90,CN,1525755600,83,26.28,119.79,75.2,11.18
542,sangar,92,RU,1525758447,99,63.92,127.47,38.27,6.62
543,pacific grove,1,US,1525757700,63,36.62,-121.92,60.8,4.38
544,phangnga,40,TH,1525755600,62,8.45,98.53,91.4,10.29
545,kilindoni,92,TZ,1525758448,100,-7.91,39.67,78.77,9.64
546,chapais,75,CA,1525755600,45,49.78,-74.86,46.4,14.99
547,sao joao da barra,92,BR,1525758448,100,-21.64,-41.05,71.48,10.42
548,cabedelo,0,BR,1525755600,94,-6.97,-34.84,73.4,5.82
549,yumen,92,CN,1525758448,41,40.29,97.04,51.59,17.36
550,poso,64,ID,1525758448,100,-1.4,120.75,81.56,3.6
551,dunda,92,IN,1525758448,100,30.62,78.32,48.89,2.04
552,santa fe,92,AR,1525758265,98,-31.62,-60.7,67.43,9.42
553,quang ngai,8,VN,1525758449,99,15.12,108.8,89.48,2.93
554,shagonar,0,RU,1525758449,52,51.54,92.92,45.47,2.93
555,burkburnett,1,US,1525756500,64,34.1,-98.57,75.2,11.41
556,harper,1,US,1525756500,77,30.3,-99.24,69.8,9.53
